{"stats":{"minecraft:custom":{"minecraft:jump":55,"minecraft:time_since_rest":4655,"minecraft:damage_dealt":200,"minecraft:crouch_one_cm":31,"minecraft:sprint_one_cm":4780,"minecraft:leave_game":6,"minecraft:play_time":4655,"minecraft:time_since_death":4655,"minecraft:walk_one_cm":2967,"minecraft:sneak_time":103,"minecraft:total_world_time":4655,"minecraft:mob_kills":2,"minecraft:fly_one_cm":85342},"minecraft:picked_up":{"minecraft:beef":2,"minecraft:leather":2},"minecraft:used":{"minecraft:diamond_sword":3,"minecraft:sand":5},"minecraft:killed":{"minecraft:cow":2}},"DataVersion":4189}